,0
feature_peristomatic_unneighbourly_dogeship,0.16892230957327933
feature_conglobate_scolopendrine_wordsworth,0.16623671818711952
feature_interoceptive_stodgy_monostich,0.16135982109256905
feature_ungodlike_argent_ugric,0.1586092592680131
feature_gradualism_intentional_souslik,0.15811319730534587
feature_untuneable_congealed_matterhorn,0.15664068477846801
feature_subcontrary_retuse_blame,0.15641189908924197
feature_skimpy_caudate_crenation,0.142029159561539
feature_megalomaniacal_heliographic_quipu,0.1411808412542327
feature_cozy_metonymical_jurist,0.1335971325921487
feature_champion_arabic_teetotum,0.13341399216662223
feature_willyard_regionalism_eritrea,0.132708109905527
feature_chimeric_piscatorial_pantagruel,0.13066566332385057
feature_tribunicial_waur_conway,0.12753888651730802
feature_veriest_petrifying_synergy,0.12643718131972656
feature_plausive_maculate_juggler,0.12603567403559893
feature_clipping_dramatic_mach,0.12586452447245072
feature_fashioned_helicoidal_buhrstone,0.1256164720658245
feature_relinquished_turanian_reviver,0.12493442600075089
feature_metaphysical_pestalozzian_sasha,0.12469226058992978
feature_invariant_dyspeptic_antiscorbutic,0.12467617127395443
feature_subversive_thrilled_pruning,0.12349498996393618
feature_novelistic_sterilized_synonymist,0.12264011236156983
feature_theophanic_finite_seignory,0.12201795244458466
feature_atherine_hellish_etymology,0.12091233668639167
feature_unconfining_persuasible_montrose,0.12036041434168007
feature_nonstick_ungorged_cornstalk,0.12027178096988961
feature_hyperalgesic_southward_rosewood,0.11793256774931944
feature_unhanging_overcast_indianisation,0.11587980069472842
feature_undebased_ahorseback_revindication,0.11382752921478911
feature_burmese_sorbian_winnie,0.11327930024128707
feature_eunuchoid_antlike_sennacherib,0.1121078500835811
feature_erythrocyte_lifeful_crayon,0.11184739569378344
feature_reclaimed_insurrectional_moneyer,0.10978670863592828
feature_retractable_aural_ithyphallic,0.1090992081319563
feature_osmotic_unproved_palmitin,0.10874921548290273
feature_heating_footling_garland,0.1080615509477057
feature_cytoid_ferric_solenoid,0.1067513817963947
feature_tarmacadam_intruding_shunning,0.10652528570303851
feature_inundant_clammy_penumbra,0.10603834170492367
feature_estranging_stylish_liker,0.10542396000283337
feature_antigenic_perforate_chickenpox,0.10525777312335606
feature_elohistic_muckiest_holystone,0.10506228447974468
feature_quadrivial_polychromatic_testudo,0.10400072530695453
feature_unprovided_stolen_trevino,0.10271727369235366
feature_dilative_uninviting_poznan,0.10175466286848994
feature_dronish_burned_interrogator,0.10145136561562881
feature_galician_leavened_valediction,0.10130960311279674
feature_winteriest_falconine_isodimorphism,0.10062024698487575
feature_brummagem_freckliest_papaverine,0.09993916531637502
feature_inhospitable_lachrymose_psychopathology,0.09971019481496268
feature_phrasal_fusiform_morphophoneme,0.09949370376842286
feature_splattered_bacterial_vichyite,0.09854857287419078
feature_burned_sortable_vicar,0.09763851848731084
feature_limiest_heliolithic_york,0.09689810738130575
feature_unnerving_unfitted_hypersensitisation,0.09651764957084856
feature_paraffinoid_southern_galen,0.09475754087643425
feature_boggy_parthia_styrene,0.09469276437738981
feature_gushier_undernourished_malate,0.09392096842280263
feature_unblocked_converging_zollverein,0.09129464348097137
feature_manifestative_resolved_centralism,0.09074457796714838
feature_ebon_homicidal_cara,0.09067768140652505
feature_omissive_unpillowed_exuberance,0.09006022957603517
feature_ablest_inflexional_egeria,0.08964892829003922
feature_overstrong_burrier_guevara,0.08963644064515296
feature_zymolytic_intertidal_privet,0.08823691007468255
feature_low_subliminal_prospect,0.08764618875145204
feature_propraetorian_daffy_narbonne,0.08706630389729195
feature_cycloid_zymotic_galloway,0.08341882397047273
feature_cephalate_unfine_molality,0.08331290999494538
feature_evolutive_incommutable_muffineer,0.0825529784389532
feature_micrometrical_perspectival_luffa,0.08196084118682984
feature_egotistical_carotid_irrationality,0.08191886348228883
feature_unshadowed_biometric_chokebore,0.08170768106032357
feature_unformed_bent_smatch,0.08089774075376142
feature_respective_clovered_datary,0.07984578837942286
feature_folkloric_judgemental_churinga,0.07943018527507012
feature_monophyletic_spiracular_gagman,0.07889944140062286
feature_australian_unstigmatized_pasch,0.07839144434874756
feature_primate_ungulate_jingal,0.07731819011822831
feature_dilettantish_nasmyth_saut,0.0772855212007162
feature_septuple_wale_chokey,0.07715249539779277
feature_puerperal_pugilistic_discomfort,0.07577754421274602
feature_unfurred_beastlier_spoof,0.07493457567435349
feature_creeping_dorty_frenchification,0.07442332897692154
feature_leachier_deducible_splurge,0.07365028155092944
feature_turbinal_apothegmatical_phalansterian,0.07364813205791712
feature_figured_unclouded_sachet,0.0730140444247011
feature_pleomorphic_paragogical_corona,0.07262872691311874
feature_incased_readable_fraterniser,0.07228440617835735
feature_firry_steepish_report,0.071609820445662
feature_proto_rachidial_heldentenor,0.07070484103844465
feature_debonnaire_opulent_stayer,0.07069719336400872
feature_choreic_sterilized_lagune,0.0706600412961931
feature_filagree_redundant_underestimation,0.07025262967658846
feature_lamellicorn_undiscomfited_hoofer,0.07014720203201377
feature_flamier_sluttish_shrieve,0.06979786864460519
feature_inartistic_necrological_showgirl,0.06958059596411262
feature_inscribed_loveable_bluet,0.06953841367819803
feature_orogenetic_unspiritual_ethiopic,0.06944781066529228
feature_unfit_threatful_strontium,0.0687614365804521
feature_axile_complexioned_tartarization,0.06844905032249546
feature_phytogeographic_preparatory_pussyfoot,0.06832247604223426
feature_toponymic_bosom_tyre,0.06822657922921561
feature_deviant_philippian_ottrelite,0.068096830693259
feature_semestrial_coarser_viscera,0.06642896920044092
feature_craggiest_dopy_conversazione,0.06551240224164306
feature_brickier_photosensitive_bodement,0.06522748699542118
feature_simulated_shakiest_divisibility,0.06510614664160627
feature_hermetic_direful_disjune,0.06486641728439957
feature_employable_communicable_perpendicularity,0.06364389118972254
feature_tinny_unanswered_irenicon,0.06351748356082709
feature_cresylic_avestan_garfield,0.06295543910324214
feature_threescore_unpatriotic_cento,0.06282562874107164
feature_verticillated_tenured_bosch,0.06211498050097075
feature_phenomenal_portable_diencephalon,0.061482929278636564
feature_reportorial_elmiest_ivan,0.06144191293744978
feature_crinose_hardcover_confession,0.0613948311246147
feature_mandibulate_cerographic_lualaba,0.061293206999379506
feature_fraudulent_negligible_mariolater,0.06089865521886882
feature_lachrymal_pestering_veteran,0.06085403762221383
feature_venerable_kernelly_durham,0.06079984565707612
feature_subclavian_mixed_sigma,0.0598237941348997
feature_cleared_greedier_mojave,0.058647367778782
feature_perspectivist_repining_tachogram,0.05790748250716283
feature_whatsoever_muskier_dangler,0.057683652098057765
feature_advertent_deferent_kaif,0.05757510553967228
feature_monegasque_undignified_ilana,0.05618527053549917
feature_crazy_thieving_beanstalk,0.05605955482828832
feature_lamblike_implemented_plebiscite,0.05598748474429556
feature_pantographical_uncultivable_moral,0.055928335947468565
feature_giocoso_trimestrial_bluegill,0.055832510067141974
feature_muscly_splintery_stope,0.05579533552028309
feature_velate_abolitionary_definitude,0.05534245806533874
feature_metopic_weepy_eyelash,0.05522229859792835
feature_rectifiable_surrealistic_microfilm,0.05516149675378387
feature_unabolished_trickiest_accident,0.05513521506147677
feature_vigilant_multiphase_melancholy,0.054871117337112245
feature_mellowing_elative_purcell,0.054609328865817125
feature_cimmerian_indic_guestimate,0.05452819528709638
feature_xanthic_transpadane_saleswoman,0.054502188399733066
feature_unmovable_declassified_corrival,0.05435019630504633
feature_systematized_unrepealed_martian,0.054290428209431654
feature_mycological_rabelaisian_puking,0.053962546803327974
feature_aulic_frayed_broomrape,0.05381723237750073
feature_scrub_elated_anthelix,0.05378059763132937
feature_upbeat_boneheaded_chequer,0.053315342196980316
feature_fixable_bibliopolical_flatmate,0.05314923336605613
feature_dividual_uncomplaisant_freeing,0.052947678168056976
feature_hummel_fellow_mommy,0.05293399935150332
feature_originative_setiform_popocatepetl,0.05257765481379388
feature_laky_federated_tracksuit,0.052341374419976196
feature_unpiloted_sleetier_belial,0.05224887307352483
feature_phototactic_dire_ethnarchy,0.052117914888550325
feature_haemostatic_pulpiest_pembroke,0.052007722254222226
feature_tenurial_perceptional_wilhelmshaven,0.051927535885882364
feature_disheveled_unmotherly_llandudno,0.051667128874376037
feature_catechetical_paragogical_accouterment,0.05161090207690801
feature_impel_vaporing_bangor,0.05160010109506559
feature_awash_reverberative_isatin,0.05122426527816384
feature_unflustered_eager_pandion,0.05113730121132966
feature_auctionary_moderate_houseparent,0.05053076809781192
feature_preconsonantal_hypothermal_democracy,0.05040622640788502
feature_heptarchic_moral_angelhood,0.05018114264543965
feature_creative_econometric_bane,0.050072650676733055
feature_natatory_intrinsical_multinomial,0.05002984528234476
feature_nonpersistent_miffiest_contemplator,0.04937188044921861
feature_spatiotemporal_guerrilla_parcelling,0.049293948060971975
feature_unmodish_postulational_symmetalism,0.04885809889283296
feature_ninetieth_moslem_coming,0.04880877726772179
feature_unvaluable_bacteriolytic_jerking,0.04869431645359932
feature_factorial_magical_fjord,0.048359256804499845
feature_xanthochroid_petrified_gutenberg,0.048307075878399205
feature_fishiest_punctured_forewarning,0.04800557480610599
feature_scenic_unartistic_tache,0.04790117017794325
feature_incognoscible_gangliest_megaphone,0.04760232028850917
feature_subtriplicate_operating_kempe,0.047144529793504274
feature_acheulian_conserving_output,0.04706484251859914
feature_prepositional_disinclined_gettering,0.046851963965453956
feature_fibroblastic_runty_kirghiz,0.04665370003713164
feature_spendable_peak_omission,0.04657420413609741
feature_galatian_froward_carting,0.04637453373549313
feature_superfetate_typographical_two,0.046043469048808905
feature_aliunde_unhaunted_coacervate,0.04588600570228394
feature_snakiest_somalian_wavelet,0.04530714870299616
feature_thrashing_bulky_orchidology,0.04504168640326433
feature_bulgy_divorcive_enthusiast,0.04441880900492389
feature_arizonian_orphan_accord,0.044305918827679265
feature_recessed_preclassical_hypochlorite,0.044228572622646976
feature_working_jain_acromegaly,0.04374792713612632
feature_interlaminar_starlike_durbar,0.0435549967617022
feature_utopian_wittier_knotting,0.04355108151541823
feature_trisomic_preternatural_enchondroma,0.04353872581722613
feature_pharisaic_tenurial_thomasina,0.04341676735662966
feature_pesky_fifth_hexagon,0.043261188195611006
feature_knobbed_overrash_ore,0.04318281012980221
feature_barkier_lackluster_hunker,0.042962171910316975
feature_ware_inhibitory_spindle,0.042928254603576396
feature_drossiest_remaining_musicale,0.04291462951860336
feature_axial_solutrean_pry,0.04274318476874667
feature_comal_noisiest_ball,0.04251533501944577
feature_venturesome_jesting_characterisation,0.04247811090480895
feature_unpitying_polyatomic_theodicy,0.04228184981437913
feature_squelched_zoographic_dismantlement,0.04211654859425939
feature_morish_mazy_queer,0.041797623775844915
feature_afoul_drainable_cateran,0.04171035744672148
feature_strained_equivocal_phoneme,0.04169511910938542
feature_revived_isopod_craw,0.04132345895195249
feature_melismatic_daily_freak,0.04067173754936726
feature_acrylic_gallic_wine,0.04066384741968492
feature_typic_geegaw_internationale,0.040484333184381396
feature_gorsy_helpable_perusing,0.04045867885162426
feature_larine_underfloor_polynomial,0.04044997634751433
feature_gnotobiotic_brittle_poultice,0.04033918552072282
feature_toplofty_undisturbing_whammed,0.04016131625674172
feature_toroidal_unloving_helvellyn,0.040128737413621544
feature_grieving_rubicund_refuting,0.03993193335371031
feature_rejective_carinate_ally,0.039627737430327055
feature_thumblike_impactive_nap,0.039545056994292005
feature_nephric_unboned_mandalay,0.039447632741561434
feature_unimproved_terminist_occupancy,0.03940738644017371
feature_peripteral_unsensualized_centilitre,0.03907392298086479
feature_untoned_monaco_estrangement,0.03885796157984978
feature_gravitational_belated_minstrel,0.03885138348548241
feature_maroon_lacy_coign,0.038832368404869554
feature_bavarian_educible_fetishism,0.038223028518561755
feature_tumbling_insurrectional_schematisation,0.038146828570139193
feature_flawier_oversized_sophism,0.03812324753120928
feature_theoretic_unwearying_chancellorship,0.0381188363729272
feature_dystonic_myalgic_sprinkling,0.038042659593148655
feature_manky_cockney_piscator,0.03802354625702315
feature_renounceable_baking_stocker,0.03770827371734303
feature_assimilable_branching_baudelaire,0.03764805992909222
feature_selachian_collembolan_devaluation,0.037622609657222146
feature_leasable_unshunnable_xanthophyll,0.03738097490410876
feature_importable_purer_rorqual,0.03734073683532432
feature_resumptive_trivalve_circumfluence,0.03727586565906467
feature_unacquainted_fretted_veep,0.0372039494585932
feature_stonier_mesolithic_feuilleton,0.037177256769989654
feature_hirundine_palaeozoological_endive,0.03704957291305902
feature_herbier_svelte_initial,0.03692187550134759
feature_pulmonary_pathognomonic_pedagogism,0.036642973507624604
feature_multifid_ingenerate_alarmism,0.03663136349466858
feature_unspiritual_hypothetical_freetown,0.03615206585498722
feature_leathern_mottled_singer,0.036046623644543835
feature_aeneolithic_nineteenth_whipper,0.03579323866736849
feature_tipsy_unordered_seed,0.03569583811753282
feature_thallic_else_tirailleur,0.03564923854000175
feature_lacklustre_centroidal_schweitzer,0.03562852621943091
feature_grainy_demersal_consuetude,0.03550617854280109
feature_liquefied_dodecahedral_syncarp,0.035431883609374756
feature_right_stratospheric_ovum,0.03534631228214267
feature_consummated_hyperacute_tarpeia,0.03528107186166879
feature_stable_shier_stagger,0.03524239343981753
feature_snuffier_unmeriting_mentation,0.03469308792918476
feature_toltec_korean_disfavourer,0.03464601594224649
feature_ugsome_spunkier_submerging,0.03456003925800654
feature_cymose_deepening_admonition,0.034533832576147554
feature_interlaminar_perkier_opponency,0.03426326099508565
feature_lakiest_pervading_skirt,0.034153355842583215
feature_vital_capsulate_knawel,0.034143875240382725
feature_featherbrained_pedagogical_butter,0.0340783251472693
feature_syndicalist_crackle_tragacanth,0.034067618067246945
feature_imploratory_discriminating_quandang,0.03403662048634058
feature_theosophical_tribal_dialectologist,0.03391443322703141
feature_organometallic_mercantile_baton,0.03390913129367598
feature_unpuckered_orgasmic_blockbuster,0.03380147842119462
feature_analgesic_pensionary_exterior,0.03362592379518004
feature_haunched_cognominal_eyesore,0.03361332385561354
feature_adminicular_shod_levant,0.03346720927802081
feature_relational_mythical_respecter,0.033269655383294953
feature_restorable_future_waterford,0.03308391337683916
feature_interunion_tectricial_diaphone,0.03302812285246537
feature_flamboyant_veterinary_expelling,0.03301320321845441
feature_unentertained_boned_factorisation,0.03300120774332086
feature_pleasurable_facultative_benzol,0.03272637004200982
feature_indescribable_multiped_neoclassicism,0.03265991432684486
feature_tristful_least_vitalization,0.03261471000420141
feature_drastic_osteopathic_institute,0.03244639767201188
feature_nutrimental_obliging_gainsborough,0.03240847172356136
feature_subalpine_apothegmatical_ajax,0.032365360454025355
feature_jocund_resistant_iridium,0.03226439509223332
feature_punishing_depletory_gyroplane,0.03215441780171831
feature_unjustified_menial_bleater,0.032076328504686134
feature_steady_dumbfounding_menthol,0.03203353604823375
feature_chaste_disqualifying_intermodulation,0.03198275192508981
feature_undiscoverable_tickling_volume,0.03196504440739416
feature_brittle_madagascar_peak,0.03191887635402278
feature_glazed_hirundine_amuck,0.03183351354933265
feature_imperceptible_incisive_sassenach,0.0317937613623863
feature_ensiform_unrequired_invocation,0.03160807423369959
feature_percurrent_deontic_sectionalisation,0.031570748441465346
feature_piliform_ungulate_hood,0.03152217303417896
feature_unilateral_pitchiest_pragmatist,0.03124052918653047
feature_hardwood_donative_favorite,0.03119712129360994
feature_gowned_undiluted_islay,0.031169331591304517
feature_calendrical_dextral_tantrum,0.031160551280756385
feature_conjunct_refined_plumule,0.030844759394156235
feature_equitant_nattiest_burler,0.03080686187034767
feature_microsomal_homeomorphic_alginate,0.030747827279559034
feature_feat_protomorphic_delaine,0.030605342767488754
feature_vulpine_egal_elysium,0.0303919637891268
feature_homier_congestive_queening,0.030338462289675794
feature_formulary_pursuing_disturber,0.030336529417857198
feature_zymotic_windswept_cooky,0.030235105152110822
feature_diversified_feticidal_ousting,0.030220147454189064
feature_droll_clumsy_gleaner,0.030214731651216947
feature_dismissible_daintiest_tempe,0.03017866058441144
feature_reconciling_alpine_puerilism,0.030083971736872096
feature_spermatozoic_unhappy_calumet,0.02990861297932022
feature_cervical_swell_tunisia,0.02988842099083557
feature_signed_acidifiable_lending,0.02985394924123543
feature_subtriplicate_nigrescent_conniver,0.02983000713678562
feature_anthracoid_tamable_consulship,0.02982430676535812
feature_shouldered_cliffier_chouse,0.029740362591617775
feature_probative_jolliest_february,0.029599444119748814
feature_prophylactic_gaulish_nutria,0.029494521731642596
feature_illuminated_gambrel_noria,0.029166192815591352
feature_pressor_chiropodial_hypertension,0.028903294084096306
feature_euphoriant_conditioned_obstruct,0.02885278464119326
feature_lardy_unquestioned_bullfinch,0.028682211933511195
feature_crosscut_whilom_ataxy,0.02864101717694736
feature_vivisectional_latvian_dispensator,0.02820522325924461
feature_prohibitionary_moaning_signing,0.028185579676266073
feature_heapy_presentable_rutland,0.028072077087591647
feature_vestigial_tittering_cyan,0.027986860183186954
feature_horsier_uncurtailed_whittle,0.02794272883859469
feature_preachy_uncontaminated_servitude,0.027586353268141607
feature_sapid_ungenuine_moper,0.027341158782446234
feature_untidier_cherished_abbacy,0.027296700570083363
feature_reverberant_chippy_kisangani,0.027048536258329977
feature_delusory_fake_lower,0.026940023745025177
feature_circean_prelingual_alkali,0.02683093743288201
feature_exoteric_quirky_wolly,0.026808560637889892
feature_lowermost_strapped_riksdag,0.026762368551281963
feature_stichomythic_validated_interoceptor,0.026760882997199066
feature_refractive_lazy_carpology,0.026724178185090465
feature_subscribed_chilean_misaim,0.026691677207397332
feature_duskish_unsensitive_severity,0.026661069515374152
feature_gutta_perverted_wholism,0.026564147390785692
feature_orgastic_undoubting_misuser,0.026510971294359115
feature_wholesale_masted_armoury,0.026490187803105816
feature_homiletic_lineate_bateleur,0.026191037149222312
feature_lustral_forgeable_marination,0.02612415124416562
feature_elemental_easier_alkalinity,0.025983882428779456
feature_prideful_girlish_defenseman,0.025728916504617044
feature_palaearctic_unsluiced_strike,0.02558871468727711
feature_chattier_tight_academic,0.025584840215244604
feature_owlishly_remoter_forensicality,0.025549728050031497
feature_mullioned_hidden_niece,0.025516769923159478
feature_unworkable_fimbriate_inceptive,0.025386733176904444
feature_paratyphoid_weatherly_bransle,0.02536711167913713
feature_dianoetic_mowburnt_ciliophora,0.025299659566494884
feature_foiled_interfacial_dispensability,0.02528323154652348
feature_emboldened_maledict_doric,0.02521971336915617
feature_ubiquitarian_springy_sickener,0.025180251675210773
feature_eliminative_social_remonetization,0.02517719086653044
feature_enrolled_breezy_petting,0.025137613351457064
feature_decuple_lowse_lahore,0.025128152687317027
feature_gasiform_oriental_thwarting,0.025054692268445727
feature_enduring_enwrapped_sahara,0.024960486995797913
feature_aryballoid_croupiest_brightwork,0.024914371453809415
feature_compatible_chalybeate_hyrax,0.024887638945437475
feature_lophodont_verier_phyllite,0.024878901591505662
feature_stumpier_feticidal_skijoring,0.02476612168762614
feature_contributory_slapped_swish,0.02470892442781067
feature_interchangeable_modiolar_accordion,0.024685491911871926
feature_marginate_continuative_pyramidion,0.02467167236466928
feature_undiscerning_megascopic_amigo,0.024616624062138354
feature_substandard_practicable_slobber,0.024579033567592196
feature_photographic_categorized_cowling,0.024528110019221328
feature_gestic_ranging_aerosol,0.024498760389710134
feature_philhellene_chancier_hindemith,0.02436381960459864
feature_lionly_nominated_meerschaum,0.02423410346445686
feature_corticate_fornicate_fraud,0.02403659104044898
feature_shaded_hallucinatory_dactylology,0.023942958262669112
feature_inexpensive_algonkian_miracidium,0.02359225585950829
feature_larger_aerial_precipice,0.023535676528155042
feature_biosystematic_apogeotropic_itch,0.023439480029396838
feature_elusive_vapoury_accomplice,0.023437287977655135
feature_derogative_untendered_rectangle,0.023319644370762567
feature_tumbling_medusoid_catherine,0.02317527273373066
feature_headhunting_eventual_bahaism,0.023043892491146037
feature_agamid_yuletide_physiology,0.023036625648894752
feature_delusory_written_acclimation,0.022888887616932203
feature_drawn_gimcrack_vulcanalia,0.02285205368042983
feature_salaried_toiling_cattery,0.022805457083258346
feature_obligato_aeronautic_refulgency,0.022560223531444427
feature_trabecular_palindromical_cumbria,0.022502888957346794
feature_sunlit_untrampled_entoblast,0.022467289454673453
feature_riparian_genteel_insalubrity,0.022399280244153892
feature_frozen_tellurian_pentameter,0.02235886904870824
feature_clerkly_memoriter_crematory,0.022178106955674064
feature_reconditioned_underglaze_girasol,0.022158601925497536
feature_fortified_repressed_baird,0.02206503912292991
feature_ascendible_nonracial_woofer,0.02203775707608752
feature_acetose_crackerjack_needlecraft,0.02202672823407356
feature_victimized_distributed_pyridoxine,0.02195982383714745
feature_theriacal_tiny_trug,0.02190044955003598
feature_prehuman_fleshy_theophany,0.02180461586585887
feature_dismayed_tempered_tideland,0.02175081219403677
feature_flintier_caesural_remunerator,0.021726567073444582
feature_appraising_chasmogamic_picrate,0.021671695977803294
feature_grippy_telugu_endorphin,0.02160383715188568
feature_straggly_gratulant_epizootic,0.02140998545728664
feature_slavic_gamier_galenism,0.021241964664266692
feature_subsumable_exophthalmic_upstart,0.021232441158165263
feature_wesleyan_probeable_countermand,0.021227094126231583
feature_dulotic_inspectorial_dartford,0.021214345434317234
feature_lithoid_febrifugal_matoke,0.02120781778941643
feature_intertentacular_xenophobic_leibnitzianism,0.021194919946786045
feature_critical_changeful_porgy,0.02105658397460615
feature_zincy_cirrhotic_josh,0.020928067078823935
feature_flittering_remunerative_hand,0.02086127803052191
feature_divisible_scarcest_change,0.020771944346465152
feature_unnourishing_dragging_forenoon,0.02074372683048736
feature_later_shrunk_asthenic,0.020707302237009787
feature_cinnamic_spreading_carthage,0.02057429297417174
feature_feasible_then_mandatary,0.02056582509578969
feature_confucian_defamatory_gervase,0.0205009577629968
feature_orogenetic_introducible_onager,0.02048274698481747
feature_inalterable_psilanthropic_rhotacism,0.02042391713462031
feature_absorbable_hyperalgesic_mode,0.02039741824814535
feature_superordinary_hogged_sputum,0.02027640302627112
feature_profaned_judicatory_turbary,0.02018713736610491
feature_unknighted_zoochemical_warsle,0.020096776494476377
feature_testudinal_agglomerated_rilievo,0.019996586419122272
feature_overgreat_unblamed_hyperaemia,0.01973888728132564
feature_enceinte_awry_zincograph,0.019649497875288156
feature_unironed_uncheckable_niggard,0.019540663214230654
feature_unacademic_roasting_africa,0.019496864545291696
feature_nudist_pyramidical_onrush,0.019347252307921843
feature_histoid_triennial_lumber,0.019316075978294513
feature_platy_nonchromosomal_bounty,0.019297952754528898
feature_froebelian_hallstatt_insensitivity,0.019267787626415005
feature_mated_credal_mumbling,0.01926396382379851
feature_trapped_antipapal_buffer,0.019043037329300294
feature_hottish_gutsier_locale,0.01904286394939317
feature_busy_clear_divi,0.018975500482454003
feature_spirituel_granulative_bumbler,0.018922208293290006
feature_fermentation_ratite_catheter,0.01880686425333754
feature_severable_coming_hanging,0.018797016792707115
feature_tridactyl_immoral_snorting,0.01871719774366015
feature_gaullist_ecclesiastic_bondsman,0.018679222055600183
feature_fatalistic_brooding_fitzgerald,0.01867803051223173
feature_bombproof_shockable_detumescence,0.0185713212172521
feature_projectile_corrugated_kitchener,0.0185118849634247
feature_unladen_nervine_traversal,0.018406929972911722
feature_whapping_liny_prelate,0.018356340306148577
feature_bronzy_thermoluminescent_extraversion,0.01830633668567179
feature_tatar_porphyritic_bogey,0.018305005346570445
feature_beholden_ithyphallic_ankle,0.01819265782722334
feature_corporal_monophthongal_barricade,0.018146193085394155
feature_antiphlogistic_unharming_rallier,0.018068047109702848
feature_regulating_aerobiotic_meliorator,0.0180562061035854
feature_cosmopolitan_pampering_divertissement,0.018026240969581133
feature_petrochemical_preliterate_nomenclator,0.01788173133671595
feature_acronychal_bilobate_stevenage,0.01785576206311803
feature_preachier_mystic_achromatization,0.017818048040366182
feature_reboant_malarial_baudelaire,0.0178047757836126
feature_puerperal_financial_fermentability,0.017694312230520422
feature_cabalistic_armed_overpayment,0.01766944662441163
feature_approbatory_labroid_coracle,0.017654230941345755
feature_droughtiest_underwrought_incitement,0.01753483156098541
feature_orient_detainable_seconal,0.017431361218328376
feature_dirigible_unpaired_bergman,0.01739262970739484
feature_faltering_bashful_cluny,0.01739027642627834
feature_phonotypic_desinent_iona,0.01717106852858115
feature_invertebrate_plotful_allodium,0.017043727441808834
feature_pandemoniacal_erudite_manse,0.016941180993553042
feature_wrapround_chrestomathic_timarau,0.016789459475611168
feature_isentropic_military_latimer,0.016761116462158828
feature_melismatic_phyllopod_shadowing,0.01671774739985928
feature_disputed_shortcut_seismographer,0.016703245429140364
feature_stripier_geomedical_fiscal,0.016601850998596936
feature_chilly_unsanctified_instrumentalist,0.016583584029913785
feature_scrawniest_fraudulent_fermenting,0.016576768865958873
feature_spleeny_tongan_vitascope,0.016564928173527504
feature_forfeit_unbound_annexment,0.016530140425969134
feature_monomorphic_coralloid_paretic,0.016484734211009048
feature_paling_dippiest_santa,0.016476926387815765
feature_scungy_incorrigible_colza,0.016453834582335614
feature_trident_matutinal_acidimeter,0.01644477670157684
feature_fortieth_epigeal_sexism,0.016356472334387473
feature_unsmotherable_collapsable_hypoglycemia,0.016323849806448992
feature_impenetrable_unrelaxed_load,0.016266347274023256
feature_assessable_chiliastic_vacillation,0.01624287417916022
feature_louche_clausal_sori,0.016237092906256183
feature_sunniest_guaranteed_stimulator,0.016186260488160024
feature_wanting_subentire_reappearance,0.016141444516954852
feature_aired_temptable_murmansk,0.016109560160556532
feature_ungrudged_estimative_pesach,0.016082653529615666
feature_epeirogenic_compressed_depredation,0.01599194139405866
feature_rugulose_glassier_fighting,0.015929667678608195
feature_unconcerned_unproduced_apoplectic,0.01589240196989555
feature_roilier_slippered_patti,0.015889143769612833
feature_orchitic_unstigmatized_fyrd,0.015818727224289897
feature_binding_mexican_sunk,0.015765469354261243
feature_pussy_lineolate_shadberry,0.015733962859024588
feature_dissepimental_obscene_contradictory,0.015635851566232956
feature_thermolytic_sultriest_jawbone,0.015634656187948126
feature_palimpsest_stalagmitical_zemindar,0.015563738324466224
feature_accoutered_revolute_vexillology,0.01555624678936495
feature_buprestid_apportioned_prodigal,0.015378560848062287
feature_gerontological_officinal_dobbin,0.015251656188331231
feature_theriacal_allopatric_swaziland,0.015220376759820917
feature_unfair_inculcative_trangam,0.015198628879859814
feature_subtriangular_bibliopolic_shuffle,0.01517149511742599
feature_unartistic_midway_hotch,0.015068726005578055
feature_blurred_divertible_desensitizer,0.014977784868234045
feature_adorable_unsuitable_cholecystectomy,0.014785734990254186
feature_possessive_abstruse_beckford,0.014561083267555858
feature_unworking_seismological_intervenient,0.014504483622848766
feature_informed_eminent_chaplain,0.014476349624378241
feature_sparsest_fortissimo_bobble,0.014357402834249433
feature_anomic_isocyclic_absinth,0.014356152595084368
feature_conjunct_provincial_semitone,0.014031277594877802
feature_finnic_drouthiest_decongestant,0.014031193327760105
feature_polysynthetic_ascertained_insurrection,0.013701188868577059
feature_shipwrecked_meliorist_lemnian,0.013679351767954144
feature_horary_overemotional_ingot,0.013665228689882963
feature_pleuritic_equipotent_loudmouth,0.013649824185922815
feature_cornier_gular_vespucci,0.013310466599723752
feature_mustached_wannish_allyl,0.013273039657101231
feature_pharmaceutical_rheumatic_blackfellow,0.013216223070048876
feature_malleable_bracteal_benedict,0.013212646131607728
feature_somatological_slightest_misbehaviour,0.013175975178329132
feature_canine_umpteenth_bidding,0.013120209066834811
feature_community_presentive_discographer,0.013063008424428969
feature_cabbalistic_unadmitted_ouagadougou,0.012940758136891894
feature_trigonometrical_emigrational_careen,0.01267810481066259
feature_starved_besieged_nilgai,0.012669781378968488
feature_malthusian_interdepartmental_couching,0.01254925509492484
feature_pelting_goatish_electrowinning,0.012445235421484296
feature_gassier_stoniest_suisse,0.012418626403709773
feature_curling_alliterative_disinfestation,0.012262644184052913
feature_laryngitic_pollinic_marination,0.012249433383363796
feature_spluttering_unconvertible_callosity,0.01219643551058883
feature_unpensioned_sweet_consociation,0.012175463264171514
feature_unpledged_zairean_corsican,0.01213856448164562
feature_payoff_rhapsodic_malayan,0.011864276034048986
feature_experimental_effluent_tubercle,0.011862991384512534
feature_sprucest_alsatian_shade,0.01177964014807512
feature_cleansable_immensurable_estranger,0.011642563802349576
feature_itinerant_hexahedral_photoengraver,0.011639379962368177
feature_unforewarned_jessant_fusilier,0.011347692084813734
feature_cosier_aerial_yoga,0.011288662891127886
feature_crashing_lubberly_sanitarium,0.01121962209213183
feature_famished_alleviative_gaynor,0.011120963354429548
feature_pistachio_atypical_malison,0.011078550937495334
feature_olive_terminal_bassoonist,0.010984788523169208
feature_cracking_belittling_pasch,0.010969877914432864
feature_phagedenic_eccentric_familiar,0.010773799120684829
feature_zippy_trine_diffraction,0.010608315627495505
feature_nephrotic_viable_canceler,0.010514225857997874
feature_shriveled_blightingly_laud,0.010434572384243172
feature_kwa_decemviral_volatilisation,0.010271014570862384
feature_canonistic_disallowable_counterbore,0.010166128348823496
feature_sunbaked_ridden_furfur,0.010105473618314747
feature_unassayed_fulminant_limnologist,0.009599067907476642
feature_baculine_panoplied_aerobiology,0.009427249364815675
feature_alarming_forenamed_shearing,0.009338030101737746
feature_refreshful_retributive_leo,0.00932857370587877
feature_analogical_obstructed_martingale,0.00915648550393883
feature_phenotypical_benedictional_interposal,0.009139658927607833
feature_unrubbed_superacute_gantline,0.008966111553298453
feature_unpasteurized_subaerial_vetiver,0.008791641578050678
feature_eutherian_beastlier_bogong,0.00862798227699692
feature_esemplastic_liquefied_prepostor,0.00860964242262201
feature_zygotic_middlebrow_caribbean,0.008582833096772694
feature_evergreen_polyhydroxy_noctilucence,0.00838218080622068
feature_pericentric_unaccented_coldslaw,0.008261427934535348
feature_avulsed_oolitic_dirac,0.008261219081771945
feature_stunned_anatolian_devil,0.008233952091865409
feature_deepening_theralite_instaurator,0.00820893068628112
feature_honest_riled_photophily,0.00812066633898287
feature_embryologic_unsprung_scylla,0.008051919286923927
feature_destitute_bobbery_frowst,0.007908794590542126
feature_paroxysmal_miniature_erodium,0.007886544192945311
feature_supplicatory_ski_broach,0.007862051795513374
feature_clerklier_cayenned_bagley,0.007861113943613262
feature_scholastic_doglike_sipunculid,0.007820462681310099
feature_crocodilian_tied_twink,0.007786782842644273
feature_unparental_reheated_chemnitz,0.007745507794613058
feature_granular_uncrystallized_stereopticon,0.007693619761834479
feature_ghostly_puggy_streisand,0.007617246440399725
feature_unreliable_securable_hackberry,0.007602015871726761
feature_mopiest_iterative_hoggin,0.007577319167710291
feature_witting_unprovoked_sholokhov,0.007356284846216202
feature_epicedial_glacial_tunguska,0.00733027760467139
feature_weariful_tyrolean_beaux,0.007284823450795366
feature_individual_oversimplified_cliquism,0.007283513879380382
feature_antidepressant_rationalistic_adaptation,0.00714922954309401
feature_hindering_exponible_grime,0.0071302647860112
feature_sugared_incorruptible_spale,0.00710700986579767
feature_overstrong_uniformed_shirker,0.00707661907742809
feature_ascidian_unshaping_watchword,0.007042982351491526
feature_undoubtable_antifriction_rosemaling,0.006999982945721737
feature_semitic_genoese_epilogist,0.0068479031224045585
feature_denominationalism_pallial_musth,0.006820437737783832
feature_remonstrant_czarist_quietist,0.006695782204883863
feature_intermundane_capitulary_expiration,0.006612808371255066
feature_tippable_resinoid_musing,0.006500691343018499
feature_ingratiating_antenatal_colleen,0.006325869089230607
feature_propositional_vapory_denomination,0.006280468397313397
feature_sylphic_social_glycogen,0.0060231592721807364
feature_zonal_snuffly_chemism,0.005982279709058022
feature_dorsal_phenological_hodograph,0.005963132304085365
feature_military_nitpicking_reindustrialization,0.0059527986792776615
feature_sibilant_gaillard_unemployment,0.00594681682644296
feature_unpavilioned_dear_cooly,0.005943964753023721
feature_pert_eurhythmic_calliope,0.005896860622713425
feature_dramaturgic_earlier_danish,0.005828616170600215
feature_balustered_ornamental_pooch,0.005822984117735936
feature_domineering_chewiest_aventurine,0.005650372924352359
feature_taught_placental_longe,0.005589288422272818
feature_titanic_sciuroid_annal,0.005574130424879262
feature_powered_unmaintainable_coequal,0.005565517876113698
feature_waterproofed_damfool_alerce,0.0053429955625883116
feature_celibate_wayworn_cosmism,0.005303730037671148
feature_starving_unwet_transubstantiationalist,0.0052623617989400965
feature_interlocking_unextended_infield,0.00525766947192336
feature_deprecatory_tartarian_rounder,0.005251712563522665
feature_quartered_quadricipital_stirrup,0.005032597506678534
feature_clastic_ninepenny_feedbag,0.005002780429821873
feature_antediluvian_establishmentarian_zebra,0.00499102001386363
feature_quaternate_flauntier_overmultiplication,0.004878285378013127
feature_clustery_hilding_lapland,0.00486494192800613
feature_shamefaced_microcosmical_idahoan,0.004835956368577519
feature_unpoetical_condemned_cornetto,0.004822943920727979
feature_negro_clumsy_topper,0.004765573878433072
feature_paracelsian_capable_cosmography,0.004732148962649188
feature_veteran_philhellene_chantal,0.0044680035527420265
feature_isocheimenal_sensed_lambda,0.0044362651866514165
feature_atmospherical_undisciplinable_enterostomy,0.004315332520693231
feature_consensual_prolific_lifespan,0.004256204320646462
feature_dreggy_jansenism_arborvitae,0.004217131817464439
feature_trodden_abortive_taciturnity,0.004150506237456334
feature_surrealism_aerial_verticity,0.004009254956978315
feature_mustiest_baronetical_sparable,0.003910307771863988
feature_hardscrabble_spinal_parallelism,0.00387637560868743
feature_prudent_pileate_oven,0.0038172626759248244
feature_altern_packaged_presbyterian,0.0038018989291808344
feature_ethnographic_unimaginable_teleplay,0.00377374589454517
feature_tribrachic_canine_mentum,0.0036442818156546242
feature_splendent_unentailed_dick,0.0036115707508336636
feature_evacuated_portliest_exterritoriality,0.0035938083859612916
feature_flagelliform_divisionism_integrality,0.0035832162482495574
feature_perithecial_precise_glamour,0.0035369094190814566
feature_unpreparing_tropological_oecology,0.0034937855327311067
feature_illegal_fivepenny_orion,0.0034710186088267748
feature_crackly_unwarlike_clink,0.0034439343471902024
feature_confirmatory_indian_coomb,0.00338622757482458
feature_saxicoline_declamatory_pacificist,0.00336846350291086
feature_commonplace_fraudulent_enterpriser,0.0033474049512617126
feature_rearward_athetoid_genipap,0.0032486337284406692
feature_hobnail_rangier_seppuku,0.0032390569044529606
feature_monitory_divisionary_neurasthenic,0.0031606927457704936
feature_undescendable_gainly_despot,0.003135713994424009
feature_sleepwalk_flameproof_gopak,0.0031336999517189586
feature_coreferential_stellar_airport,0.002996994012781891
feature_kyphotic_uncrated_classicality,0.0029077030730817106
feature_vascular_terbic_ledger,0.002890526002780607
feature_ungrounded_transpontine_winder,0.0028400576601599107
feature_verbatim_frangible_eye,0.002793292586429501
feature_phellogenetic_hearing_gobang,0.0027022980913058285
feature_prolusory_incomputable_candace,0.0026154305178481886
feature_geographic_happening_tundra,0.0025861988275000867
feature_dumpy_funkiest_homestead,0.002550879545692235
feature_fidgety_temptable_grey,0.002528603221153253
feature_plenipotentiary_bathonian_amentia,0.002502531927171282
feature_compositive_plated_demulcent,0.00249243291657473
feature_upset_pronounceable_moquette,0.002454148356969148
feature_symmetrical_spongy_tricentenary,0.0023892317592277266
feature_restive_vasiform_kewpie,0.00236210102920855
feature_frostbitten_unescapable_ginnery,0.002332720105685684
feature_aseptic_eely_hemiplegia,0.002303657823502735
feature_weeping_caucasoid_ubiety,0.0023010790568957196
feature_flurried_unclassified_permalloy,0.002273826069284738
feature_asphyxiating_gabbroitic_long,0.0021898578334782564
feature_fair_lukewarm_apparition,0.002159957211120816
feature_renounceable_cadent_singing,0.0021497621094466496
feature_genevese_encaustic_confection,0.002138444881679634
feature_stilted_humanlike_grania,0.0021084115752669492
feature_imputable_parsonical_dulciana,0.00206075792682093
feature_elfin_irrefutable_apothecium,0.002002130994165914
feature_unappreciative_maniacal_reconnaissance,0.001910030640565604
feature_able_deprived_nona,0.0018111306856793577
feature_asyndetic_unwieldy_glossolalia,0.0017319018859700691
feature_demoded_unmodernised_borecole,0.0016442208686676914
feature_unordinary_marsipobranch_arbitrament,0.001559968154897198
feature_cheeky_african_waikiki,0.0013950791546650512
feature_adorable_infernal_cartesianism,0.0013749823551187403
feature_computational_contradictable_misguidance,0.0013717621428678153
feature_rabbinism_molluscoid_cichlid,0.0012612011399187146
feature_phonatory_reconstructed_flong,0.0011761200049802743
feature_unintermitting_postulational_mag,0.001037189832728855
feature_beaten_sensitive_curricle,0.0009851718803002047
feature_sextuple_metamere_lagrange,0.0007945766294340098
feature_sassy_coseismic_deadlock,0.0006100000859182038
feature_textualism_seared_chloasma,0.0004969193391577701
feature_hugest_overall_emancipist,0.00039445700349578983
feature_increscent_accustomed_redpoll,0.0002532954749739849
feature_uninquiring_semitonic_cloakroom,0.0002211047139259389
feature_tackier_stodgy_scurf,0.0001586776851333891
